ID,Name,Email,Country,Address
JRH55SCD2OT,Cansu Ozkan,cansuozkan@iyte.edu.tr,Turkiye,IZTECH Computer Engineering 142
GFI13JLN5PM,Dilek Ozturk,dilekozturk@iyte.edu.tr,Turkiye,IZTECH Computer Engineering 112
TTB74BSL2XY,Serhat Caner,serhatcaner@iyte.edu.tr,Turkiye,IZTECH Computer Engineering Z29
UFR30WOW1VZ,Tugkan Tuglular,tugkantuglular@iyte.edu.tr,Turkiye,IZTECH Computer Engineering 027
OVI54TVT0BW,Hoyt Hurley,mollis.integer@protonmail.couk,Costa Rica,Ap #317-5422 Nonummy St.
RXR78PQK5HZ,Cassady Orr,pede.et.risus@outlook.couk,Ukraine,6057 Ac Street
ETR33ITW6RH,Allegra Chavez,nulla.tincidunt.neque@hotmail.ca,South Korea,Ap #519-7520 Aliquam Avenue
OGH82YCK9GO,Damian Kidd,lorem.fringilla@google.org,Russian Federation,270-2184 Cum Av.
VXD87QBJ5SX,Larissa Delacruz,nisi.sem@icloud.net,Vietnam,Ap #294-3102 Eget Avenue
BIL62HCX4GK,Vera Chen,et.ipsum@outlook.com,Poland,894-5452 Porta Av.
LDF53SWL8IN,Gannon Kerr,in.cursus.et@outlook.com,Poland,Ap #928-4298 Aliquam St.
RLT85UQE1FR,Lana Levy,quisque.purus@protonmail.com,Netherlands,523 Fusce Av.
CSM42EIC6LU,Arthur Diaz,id.erat.etiam@aol.edu,Poland,451-5087 Viverra. Street
VKT11QSN0MB,Karleigh Finley,iaculis@aol.ca,France,P.O. Box 820 6621 Tincidunt Road
ESU42YOF7SX,Ariana Bullock,rutrum.non@aol.edu,India,227-7329 Aliquam Ave
UND28QJZ0US,Maris Morales,vestibulum.neque@outlook.ca,Spain,589-5940 Odio Rd.
OOE60UIJ9UM,Calvin Dillon,erat.volutpat@yahoo.couk,United States,1007 Interdum. Av.
KRM53ULI8DR,Brandon Neal,mauris.suspendisse@icloud.net,United States,121-5829 Pede Avenue
JPN24YLI0FT,Alana Bridges,magna.a@yahoo.couk,Norway,P.O. Box 479 8532 Lorem Road
UUP71YBB4NS,Hammett Cobb,ut@hotmail.net,New Zealand,8447 Vitae Av.